-- --------------------------------------------------------
-- Host:                         127.0.0.1
-- Versión del servidor:         8.0.30 - MySQL Community Server - GPL
-- SO del servidor:              Win64
-- HeidiSQL Versión:             12.1.0.6537
-- --------------------------------------------------------

/*!40101 SET @OLD_CHARACTER_SET_CLIENT=@@CHARACTER_SET_CLIENT */;
/*!40101 SET NAMES utf8 */;
/*!50503 SET NAMES utf8mb4 */;
/*!40103 SET @OLD_TIME_ZONE=@@TIME_ZONE */;
/*!40103 SET TIME_ZONE='+00:00' */;
/*!40014 SET @OLD_FOREIGN_KEY_CHECKS=@@FOREIGN_KEY_CHECKS, FOREIGN_KEY_CHECKS=0 */;
/*!40101 SET @OLD_SQL_MODE=@@SQL_MODE, SQL_MODE='NO_AUTO_VALUE_ON_ZERO' */;
/*!40111 SET @OLD_SQL_NOTES=@@SQL_NOTES, SQL_NOTES=0 */;

-- Volcando datos para la tabla prueba.administradores: ~3 rows (aproximadamente)
INSERT INTO `administradores` (`id`, `nombre`, `email`, `cargo`, `foto`, `usuario`, `password`, `perfil`, `fecha`) VALUES
	(1, 'Obed Alberto Castro Orellana', 'obed.castro@bcr.gob.sv', 'Técnico de Soporte Informático', 'vistas/assets/img', 'inobed', 'admin', 'superadministrador', '2024-01-10 20:29:48'),
	(4, 'Miguel Angel Portillo Lozano', 'miguel.portillo@bcr.gob.sv', 'Técnico de Soporte Informático', 'vistas/assets/img', 'inportillo', 'admin2', 'superadministrador', '2024-01-10 20:30:37'),
	(11, 'Diego Dubán Rivera Martinez', 'diego.rivera@bcr.gob.sv', 'Técnico de Soporte Informático', 'vistas/assets/img', 'induban', 'admin3', 'superadministrador', '2024-01-10 20:30:04'),
	(13, 'Juver Nahúm Argueta Ortíz', 'juver.argueta@bcr.gob.sv', 'Técnico de Soporte Informático', 'vistas/assets/img', 'injuver', 'admin4', 'superadministrador', '2024-01-10 20:30:06');

-- Volcando datos para la tabla prueba.consultores: ~3 rows (aproximadamente)
INSERT INTO `consultores` (`idconsultor`, `nombreconsultor`, `duiconsultor`, `cargoconsultor`, `contactoconsultor`, `dispositivo_id`, `sedeconsultor`, `fechaactualizacionconsultor`, `fecharegistroconsultor`) VALUES
	(10, 'Juan Camanei', '504938273', 'Analista de sistemas de información', '58493843847', NULL, '1', '2024-01-12 16:40:39', '2024-01-12');

-- Volcando datos para la tabla prueba.dispositivos: ~68 rows (aproximadamente)
INSERT INTO `dispositivos` (`iddispositivo`, `tipodispositivo`, `marcadispositivo`, `modelodispositivo`, `imeidispositivo`, `seriedispositivo`, `telefonodispositivo`, `accesorios`, `responsabledispositivo`, `sededispositivo`, `estadodispositivo`, `comentariodispositivo`, `fecharegistro`, `asignadordispositivo`, `receptordispositivo`, `fechamodificacion`, `fechaasignacion`, `fecharecepcion`) VALUES
	(31, 'Tablet', 'HP', 'Tab S9', '4354677', 'HYYYF5667', '76543677', '{"Cubo":"0","Cable":"0","Funda":"0","Lapiz":"0","Powerbank":"0","Maletin":"0","Cargador":"0","Mouse":"0","Mousepad":"0"}', NULL, 2, 1, '', '2024-01-02', 'Obed Alberto Castro Orellana', 'Diego Dubán Rivera Martinez', '2024-01-15 20:31:05', '2024-01-02 08:17:57', '2024-01-15 08:31:05'),
	(32, 'Tablet', 'HP', 'Galaxy A34', '737382920', 'HF799335', '72053930', '{"Cubo":"1","Cable":"1","Funda":"1","Lapiz":"0","Powerbank":"1","Maletin":"0","Cargador":"0","Mouse":"0","Mousepad":"0"}', NULL, 1, 3, 'Pérdida de lápiz óptico en labor de campo y pantalla rota por caída en alcantarilla.', '2024-01-02', 'Obed Alberto Castro Orellana', 'Obed Alberto Castro Orellana', '2024-01-15 17:17:40', '2024-01-15 17:16:48', '2024-01-15 17:17:40'),
	(34, 'Laptop', 'Lenovo', '640 G9', '', '455633F5', '32454543', '{"Cubo":"0","Cable":"0","Funda":"0","Lapiz":"0","Powerbank":"0","Maletin":"0","Cargador":"0","Mouse":"0","Mousepad":"0"}', NULL, 2, 1, '', '2024-01-02', 'Obed Alberto Castro Orellana', 'Diego Dubán Rivera Martinez', '2024-01-16 16:04:53', '2024-01-08 08:15:17', '2024-01-15 08:30:43'),
	(36, 'Telefono', 'Samsung', 'Galaxy A34', '546564Y7', '54654Y6Y6', '5454Y', '{"Cubo":"0","Cable":"0","Funda":"0","Lapiz":"0","Powerbank":"0","Maletin":"0","Cargador":"0","Mouse":"0","Mousepad":"0"}', NULL, 3, 1, '', '2024-01-02', 'Obed Alberto Castro Orellana', 'Diego Dubán Rivera Martinez', '2024-01-15 20:32:27', '2024-01-09 08:29:39', '2024-01-15 08:32:27'),
	(37, 'Laptop', 'Lenovo', '640 G9', '876654T4', '36546758G', '22577777', NULL, NULL, 1, 1, '', '2024-01-02', NULL, NULL, '2024-01-16 16:17:16', NULL, NULL),
	(38, 'Telefono', 'Samsung', 'Galaxy A33', '353535353535353', 'asdas3432dgdg', '50375634634', NULL, NULL, 1, 1, '', NULL, NULL, NULL, '2024-01-17 21:48:56', NULL, NULL),
	(39, 'Laptop', 'HP', '640 G9', '', 'AAAAAA1121212', 'N/A', '{"Cubo":"0","Cable":"0","Funda":"0","Lapiz":"0","Powerbank":"0","Maletin":"1","Cargador":"1","Mouse":"0","Mousepad":"0"}', NULL, 4, 1, '', '2024-01-09', 'Obed Alberto Castro Orellana', 'Obed Alberto Castro Orellana', '2024-01-16 16:04:54', '2024-01-15 08:42:16', '2024-01-15 08:54:25'),
	(40, 'Telefono', 'Samsung', 'Galaxy A34', '133457585474647', 'SDFW3SSFW35', '50375647364', '{"Cubo":"0","Cable":"0","Funda":"0","Lapiz":"0","Powerbank":"0","Maletin":"0","Cargador":"0","Mouse":"0","Mousepad":"0"}', NULL, 1, 1, '', NULL, 'Obed Alberto Castro Orellana', 'Diego Dubán Rivera Martinez', '2024-01-15 20:32:16', '2024-01-12 07:55:03', '2024-01-15 08:32:16'),
	(41, 'Laptop', 'HP', '640 G9', '', 'SDGFE3463GSDFG', '', '{"Cubo":"0","Cable":"0","Funda":"0","Lapiz":"0","Powerbank":"0","Maletin":"1","Cargador":"1","Mouse":"0","Mousepad":"0"}', NULL, 3, 1, '', NULL, 'Obed Alberto Castro Orellana', 'Obed Alberto Castro Orellana', '2024-01-16 21:17:48', '2024-01-09 08:41:39', '2024-01-15 08:53:27'),
	(42, 'Laptop', 'HP', '640 G9', '', 'DRTHE547DFHTD', '', '{"Cubo":"0","Cable":"0","Funda":"0","Lapiz":"0","Powerbank":"0","Maletin":"1","Cargador":"1","Mouse":"1","Mousepad":"1"}', NULL, 3, 1, '', NULL, 'Obed Alberto Castro Orellana', 'Obed Alberto Castro Orellana', '2024-01-16 21:29:02', '2024-01-15 08:58:44', '2024-01-15 08:59:39'),
	(43, 'Laptop', 'HP', '640 G9', '', 'TJYRTYU567FHJ', '', NULL, NULL, 1, 1, 'Comentario editado.', NULL, NULL, NULL, '2024-01-16 21:32:09', NULL, NULL),
	(44, 'Laptop', 'Lenovo', 'IdeaPad Slim 5', '', 'GWERT34534TERW', 'N/A', '{"Cubo":"0","Cable":"0","Funda":"0","Lapiz":"0","Powerbank":"0","Maletin":"1","Cargador":"1","Mouse":"1","Mousepad":"0"}', NULL, 1, 3, 'Pantalla dañada por humedad.', NULL, 'Obed Alberto Castro Orellana', 'Obed Alberto Castro Orellana', '2024-01-16 16:04:44', '2024-01-15 17:15:15', '2024-01-15 17:15:47'),
	(45, 'Laptop', 'Lenovo', '640 G9', '', 'DGE43536RTE', 'N/A', '{"Cubo":"0","Cable":"0","Funda":"0","Lapiz":"0","Powerbank":"0","Maletin":"1","Cargador":"1","Mouse":"1","Mousepad":"1"}', NULL, 2, 3, '', NULL, 'Obed Alberto Castro Orellana', 'Obed Alberto Castro Orellana', '2024-01-16 16:04:49', '2024-01-15 17:07:17', '2024-01-15 17:07:34'),
	(47, 'Telefono', 'Honor', 'Honor X7', '777777777777777', 'ouuuuuuuuuuuuu', '45645634564', '{"Cubo":"1","Cable":"1","Funda":"1","Lapiz":"1","Powerbank":"1","Maletin":"0","Cargador":"0","Mouse":"0","Mousepad":"0"}', NULL, 5, 2, '', NULL, 'Obed Alberto Castro Orellana', 'Diego Dubán Rivera Martinez', '2024-01-15 21:43:16', '2024-01-15 09:43:16', '2024-01-15 08:32:10'),
	(48, 'Telefono', 'Samsung', 'Galaxy A34', '222222222222222', '222222222222222', '22222222222', '{"Cubo":"0","Cable":"0","Funda":"0","Lapiz":"0","Powerbank":"0","Maletin":"0","Cargador":"0","Mouse":"0","Mousepad":"0"}', NULL, 1, 1, '', '2024-01-10', 'Obed Alberto Castro Orellana', 'Diego Dubán Rivera Martinez', '2024-01-15 20:31:47', '2024-01-02 08:22:44', '2024-01-15 08:31:47'),
	(50, 'Telefono', 'Honor', 'Honor X7', '09832423', '0949484', '949484', '{"Cubo":"0","Cable":"0","Funda":"0","Lapiz":"0","Powerbank":"0","Maletin":"0","Cargador":"0","Mouse":"0","Mousepad":"0"}', NULL, 1, 1, '', '2024-01-12', 'Obed Alberto Castro Orellana', 'Diego Dubán Rivera Martinez', '2024-01-15 20:31:26', '2024-01-14 13:53:12', '2024-01-15 08:31:26'),
	(51, 'Telefono', 'Huawei', 'Galaxy A34', '56yertg54', '54634r', '878787878', '{"Cubo":"0","Cable":"0","Funda":"0","Lapiz":"0","Powerbank":"0","Maletin":"0","Cargador":"0","Mouse":"0","Mousepad":"0"}', NULL, 1, 1, '', '2024-01-12', 'Obed Alberto Castro Orellana', 'Diego Dubán Rivera Martinez', '2024-01-15 20:31:18', '2024-01-09 07:57:06', '2024-01-15 08:31:18'),
	(52, 'Telefono', 'Lenovo', 'Honor X7', '8989898', 'SV8988777888', '77992489', NULL, NULL, 1, 1, '', '2024-01-15', NULL, NULL, '2024-01-16 16:12:50', NULL, NULL),
	(53, 'Telefono', 'Honor', 'Honor X7', '999999933333333', '121212121ASASASAS', '50377777777', '{"Cubo":"0","Cable":"0","Funda":"0","Lapiz":"0","Powerbank":"0","Maletin":"0","Cargador":"0","Mouse":"0","Mousepad":"0"}', NULL, 1, 1, NULL, '2024-01-16', NULL, NULL, '2024-01-16 21:30:31', NULL, NULL),
	(54, 'Telefono', 'Samsung', 'Galaxy A34', '555555555555555', 'LLLLLLLLL', '13131313131', '{"Cubo":"0","Cable":"0","Funda":"0","Lapiz":"0","Powerbank":"0","Maletin":"0","Cargador":"0","Mouse":"0","Mousepad":"0"}', NULL, 1, 1, NULL, '2024-01-16', NULL, NULL, '2024-01-16 21:45:52', NULL, NULL),
	(55, 'Laptop', 'Samsung', '640 G9', '', '333333333', '', '{"Cubo":"0","Cable":"0","Funda":"0","Lapiz":"0","Powerbank":"0","Maletin":"0","Cargador":"0","Mouse":"0","Mousepad":"0"}', NULL, 1, 1, NULL, '2024-01-16', NULL, NULL, '2024-01-16 21:47:52', NULL, NULL),
	(56, 'Laptop', 'Dell', '640 G9', '', '555555yyyyyy', '', '{"Cubo":"0","Cable":"0","Funda":"0","Lapiz":"0","Powerbank":"0","Maletin":"1","Cargador":"1","Mouse":"1","Mousepad":"1"}', 10, 1, 2, NULL, '2024-01-16', 'Diego Dubán Rivera Martinez', NULL, '2024-01-17 21:43:19', '2024-01-17 09:43:19', NULL),
	(57, 'Telefono', 'Honor', 'Honor X7', '555555555555555', '5555yyyyy', '53645634346', '{"Cubo":"0","Cable":"0","Funda":"0","Lapiz":"0","Powerbank":"0","Maletin":"0","Cargador":"0","Mouse":"0","Mousepad":"0"}', NULL, 1, 1, NULL, '2024-01-16', NULL, NULL, '2024-01-16 22:01:34', NULL, NULL),
	(58, 'Telefono', 'Samsung', 'Galaxy A33', '23462346', '2346364', '342346', '{"Cubo":"0","Cable":"0","Funda":"0","Lapiz":"0","Powerbank":"0","Maletin":"0","Cargador":"0","Mouse":"0","Mousepad":"0"}', NULL, 1, 1, NULL, '2024-01-16', NULL, NULL, '2024-01-16 22:04:18', NULL, NULL),
	(59, 'Telefono', 'Honor', 'Galaxy A33', '674745745', 'thdhdh', '46456646', '{"Cubo":"0","Cable":"0","Funda":"0","Lapiz":"0","Powerbank":"0","Maletin":"0","Cargador":"0","Mouse":"0","Mousepad":"0"}', NULL, 1, 1, NULL, '2024-01-16', NULL, NULL, '2024-01-16 22:06:07', NULL, NULL),
	(60, 'Laptop', 'HP', '640 G9', '', '5555555yyyyy', '', '{"Cubo":"0","Cable":"0","Funda":"0","Lapiz":"0","Powerbank":"0","Maletin":"0","Cargador":"0","Mouse":"0","Mousepad":"0"}', NULL, 1, 1, NULL, '2024-01-16', NULL, NULL, '2024-01-16 22:12:19', NULL, NULL),
	(61, 'Laptop', 'HP', '640 G9', '', '77777666666', '', '{"Cubo":"0","Cable":"0","Funda":"0","Lapiz":"0","Powerbank":"0","Maletin":"0","Cargador":"0","Mouse":"0","Mousepad":"0"}', NULL, 1, 1, '', '2024-01-16', NULL, NULL, '2024-01-17 15:46:44', NULL, NULL),
	(66, 'Laptop', 'Samsung', 'Galaxy A33', NULL, 'ewrte6345', NULL, '{"Cubo":"0","Cable":"0","Funda":"0","Lapiz":"0","Powerbank":"0","Maletin":"0","Cargador":"0","Mouse":"0","Mousepad":"0"}', NULL, 1, 1, NULL, '2024-01-17', NULL, NULL, '2024-01-17 15:48:37', NULL, NULL),
	(67, 'Laptop', 'Samsung', 'Galaxy A33', NULL, '23etert', NULL, NULL, NULL, 1, 1, '', '2024-01-17', NULL, NULL, '2024-01-17 20:52:13', NULL, NULL),
	(71, 'Laptop', 'Samsung', 'Galaxy A34', NULL, 'ert4356346', NULL, NULL, NULL, 1, 1, '', '2024-01-17', NULL, NULL, '2024-01-17 21:47:08', NULL, NULL),
	(72, 'Telefono', 'Honor', 'Honor X7', NULL, 'tttttttttttttt', NULL, '{"Cubo":"0","Cable":"0","Funda":"0","Lapiz":"0","Powerbank":"0","Maletin":"0","Cargador":"0","Mouse":"0","Mousepad":"0"}', NULL, 4, 1, NULL, '2024-01-17', NULL, NULL, '2024-01-17 16:13:30', NULL, NULL),
	(76, 'Telefono', 'Samsung', 'Galaxy A34', NULL, '3etr34636', NULL, '{"Cubo":"0","Cable":"0","Funda":"0","Lapiz":"0","Powerbank":"0","Maletin":"0","Cargador":"0","Mouse":"0","Mousepad":"0"}', NULL, 1, 1, NULL, '2024-01-17', NULL, NULL, '2024-01-17 16:25:53', NULL, NULL),
	(77, 'Telefono', 'Lenovo', 'Tab S9', NULL, 'SERIAL35343840', NULL, '{"Cubo":"0","Cable":"0","Funda":"0","Lapiz":"0","Powerbank":"0","Maletin":"0","Cargador":"0","Mouse":"0","Mousepad":"0"}', NULL, 1, 1, NULL, '2024-01-17', NULL, NULL, '2024-01-17 16:41:50', NULL, NULL),
	(78, 'Telefono', 'Lenovo', 'Tab S9', NULL, 'SERIAL35343840', NULL, '{"Cubo":"0","Cable":"0","Funda":"0","Lapiz":"0","Powerbank":"0","Maletin":"0","Cargador":"0","Mouse":"0","Mousepad":"0"}', NULL, 1, 1, NULL, '2024-01-17', NULL, NULL, '2024-01-17 16:41:54', NULL, NULL),
	(79, 'Telefono', 'Lenovo', 'Tab S9', NULL, 'SERIAL35343840', NULL, '{"Cubo":"0","Cable":"0","Funda":"0","Lapiz":"0","Powerbank":"0","Maletin":"0","Cargador":"0","Mouse":"0","Mousepad":"0"}', NULL, 1, 1, NULL, '2024-01-17', NULL, NULL, '2024-01-17 16:42:00', NULL, NULL),
	(80, 'Telefono', 'Lenovo', 'Tab S9', NULL, 'SERIAL35343840', NULL, '{"Cubo":"0","Cable":"0","Funda":"0","Lapiz":"0","Powerbank":"0","Maletin":"0","Cargador":"0","Mouse":"0","Mousepad":"0"}', NULL, 1, 1, NULL, '2024-01-17', NULL, NULL, '2024-01-17 16:42:01', NULL, NULL),
	(81, 'Telefono', 'Lenovo', 'Tab S9', NULL, 'SERIAL35343840', NULL, '{"Cubo":"0","Cable":"0","Funda":"0","Lapiz":"0","Powerbank":"0","Maletin":"0","Cargador":"0","Mouse":"0","Mousepad":"0"}', NULL, 1, 1, NULL, '2024-01-17', NULL, NULL, '2024-01-17 16:42:01', NULL, NULL),
	(82, 'Telefono', 'Lenovo', 'Tab S9', NULL, 'SERIAL35343840', NULL, '{"Cubo":"0","Cable":"0","Funda":"0","Lapiz":"0","Powerbank":"0","Maletin":"0","Cargador":"0","Mouse":"0","Mousepad":"0"}', NULL, 1, 1, NULL, '2024-01-17', NULL, NULL, '2024-01-17 16:42:01', NULL, NULL),
	(83, 'Telefono', 'Lenovo', 'Tab S9', NULL, 'SERIAL35343840', NULL, '{"Cubo":"0","Cable":"0","Funda":"0","Lapiz":"0","Powerbank":"0","Maletin":"0","Cargador":"0","Mouse":"0","Mousepad":"0"}', NULL, 1, 1, NULL, '2024-01-17', NULL, NULL, '2024-01-17 16:42:02', NULL, NULL),
	(84, 'Telefono', 'Lenovo', 'Tab S9', NULL, 'SERIAL35343840', NULL, '{"Cubo":"0","Cable":"0","Funda":"0","Lapiz":"0","Powerbank":"0","Maletin":"0","Cargador":"0","Mouse":"0","Mousepad":"0"}', NULL, 1, 1, NULL, '2024-01-17', NULL, NULL, '2024-01-17 16:42:02', NULL, NULL),
	(85, 'Telefono', 'Lenovo', 'Tab S9', NULL, 'SERIAL35343840', NULL, '{"Cubo":"0","Cable":"0","Funda":"0","Lapiz":"0","Powerbank":"0","Maletin":"0","Cargador":"0","Mouse":"0","Mousepad":"0"}', NULL, 1, 1, NULL, '2024-01-17', NULL, NULL, '2024-01-17 16:42:02', NULL, NULL),
	(86, 'Telefono', 'Lenovo', 'Tab S9', NULL, 'SERIAL35343840', NULL, '{"Cubo":"0","Cable":"0","Funda":"0","Lapiz":"0","Powerbank":"0","Maletin":"0","Cargador":"0","Mouse":"0","Mousepad":"0"}', NULL, 1, 1, NULL, '2024-01-17', NULL, NULL, '2024-01-17 16:42:05', NULL, NULL),
	(87, 'Telefono', 'Lenovo', 'Tab S9', NULL, 'SERIAL35343840', NULL, '{"Cubo":"0","Cable":"0","Funda":"0","Lapiz":"0","Powerbank":"0","Maletin":"0","Cargador":"0","Mouse":"0","Mousepad":"0"}', NULL, 1, 1, NULL, '2024-01-17', NULL, NULL, '2024-01-17 16:42:05', NULL, NULL),
	(88, 'Telefono', 'Lenovo', 'Tab S9', NULL, 'SERIAL35343840', NULL, '{"Cubo":"0","Cable":"0","Funda":"0","Lapiz":"0","Powerbank":"0","Maletin":"0","Cargador":"0","Mouse":"0","Mousepad":"0"}', NULL, 1, 1, NULL, '2024-01-17', NULL, NULL, '2024-01-17 16:42:05', NULL, NULL),
	(89, 'Telefono', 'Lenovo', 'Tab S9', NULL, 'SERIAL35343840', NULL, '{"Cubo":"0","Cable":"0","Funda":"0","Lapiz":"0","Powerbank":"0","Maletin":"0","Cargador":"0","Mouse":"0","Mousepad":"0"}', NULL, 1, 1, NULL, '2024-01-17', NULL, NULL, '2024-01-17 16:42:05', NULL, NULL),
	(90, 'Telefono', 'Lenovo', 'Tab S9', NULL, 'SERIAL35343840', NULL, '{"Cubo":"0","Cable":"0","Funda":"0","Lapiz":"0","Powerbank":"0","Maletin":"0","Cargador":"0","Mouse":"0","Mousepad":"0"}', NULL, 1, 1, NULL, '2024-01-17', NULL, NULL, '2024-01-17 16:42:06', NULL, NULL),
	(91, 'Telefono', 'Lenovo', 'Tab S9', NULL, 'SERIAL35343840', NULL, '{"Cubo":"0","Cable":"0","Funda":"0","Lapiz":"0","Powerbank":"0","Maletin":"0","Cargador":"0","Mouse":"0","Mousepad":"0"}', NULL, 1, 1, NULL, '2024-01-17', NULL, NULL, '2024-01-17 16:42:12', NULL, NULL),
	(92, 'Telefono', 'Lenovo', 'Tab S9', NULL, 'SERIAL35343840', NULL, '{"Cubo":"0","Cable":"0","Funda":"0","Lapiz":"0","Powerbank":"0","Maletin":"0","Cargador":"0","Mouse":"0","Mousepad":"0"}', NULL, 1, 1, NULL, '2024-01-17', NULL, NULL, '2024-01-17 16:42:12', NULL, NULL),
	(93, 'Telefono', 'Lenovo', 'Tab S9', NULL, 'SERIAL35343840', NULL, '{"Cubo":"0","Cable":"0","Funda":"0","Lapiz":"0","Powerbank":"0","Maletin":"0","Cargador":"0","Mouse":"0","Mousepad":"0"}', NULL, 1, 1, NULL, '2024-01-17', NULL, NULL, '2024-01-17 16:42:12', NULL, NULL),
	(94, 'Telefono', 'Lenovo', 'Tab S9', NULL, 'SERIAL35343840', NULL, '{"Cubo":"0","Cable":"0","Funda":"0","Lapiz":"0","Powerbank":"0","Maletin":"0","Cargador":"0","Mouse":"0","Mousepad":"0"}', NULL, 1, 1, NULL, '2024-01-17', NULL, NULL, '2024-01-17 16:42:12', NULL, NULL),
	(95, 'Telefono', 'Lenovo', 'Tab S9', NULL, 'SERIAL35343840', NULL, '{"Cubo":"0","Cable":"0","Funda":"0","Lapiz":"0","Powerbank":"0","Maletin":"0","Cargador":"0","Mouse":"0","Mousepad":"0"}', NULL, 1, 1, NULL, '2024-01-17', NULL, NULL, '2024-01-17 16:42:14', NULL, NULL),
	(96, 'Telefono', 'Lenovo', 'Tab S9', NULL, 'SERIAL35343840', NULL, '{"Cubo":"0","Cable":"0","Funda":"0","Lapiz":"0","Powerbank":"0","Maletin":"0","Cargador":"0","Mouse":"0","Mousepad":"0"}', NULL, 1, 1, NULL, '2024-01-17', NULL, NULL, '2024-01-17 16:42:14', NULL, NULL),
	(97, 'Telefono', 'Lenovo', 'Tab S9', NULL, 'SERIAL35343840', NULL, '{"Cubo":"0","Cable":"0","Funda":"0","Lapiz":"0","Powerbank":"0","Maletin":"0","Cargador":"0","Mouse":"0","Mousepad":"0"}', NULL, 1, 1, NULL, '2024-01-17', NULL, NULL, '2024-01-17 16:51:49', NULL, NULL),
	(98, 'Telefono', 'Lenovo', 'Tab S9', NULL, 'SERIAL35343840', NULL, '{"Cubo":"0","Cable":"0","Funda":"0","Lapiz":"0","Powerbank":"0","Maletin":"0","Cargador":"0","Mouse":"0","Mousepad":"0"}', NULL, 1, 1, NULL, '2024-01-17', NULL, NULL, '2024-01-17 16:51:49', NULL, NULL),
	(99, 'Telefono', 'Lenovo', 'Tab S9', NULL, 'SERIAL35343840', NULL, '{"Cubo":"0","Cable":"0","Funda":"0","Lapiz":"0","Powerbank":"0","Maletin":"0","Cargador":"0","Mouse":"0","Mousepad":"0"}', NULL, 1, 1, NULL, '2024-01-17', NULL, NULL, '2024-01-17 16:51:52', NULL, NULL),
	(100, 'Telefono', 'Lenovo', 'Tab S9', NULL, 'SERIAL35343840', NULL, '{"Cubo":"0","Cable":"0","Funda":"0","Lapiz":"0","Powerbank":"0","Maletin":"0","Cargador":"0","Mouse":"0","Mousepad":"0"}', NULL, 1, 1, NULL, '2024-01-17', NULL, NULL, '2024-01-17 16:51:52', NULL, NULL),
	(101, 'Telefono', 'Lenovo', 'Tab S9', NULL, 'SERIAL35343840', NULL, '{"Cubo":"0","Cable":"0","Funda":"0","Lapiz":"0","Powerbank":"0","Maletin":"0","Cargador":"0","Mouse":"0","Mousepad":"0"}', NULL, 1, 1, NULL, '2024-01-17', NULL, NULL, '2024-01-17 16:51:52', NULL, NULL),
	(102, 'Telefono', 'Lenovo', 'Tab S9', NULL, 'SERIAL35343840', NULL, '{"Cubo":"0","Cable":"0","Funda":"0","Lapiz":"0","Powerbank":"0","Maletin":"0","Cargador":"0","Mouse":"0","Mousepad":"0"}', NULL, 1, 1, NULL, '2024-01-17', NULL, NULL, '2024-01-17 16:51:52', NULL, NULL),
	(103, 'Telefono', 'Lenovo', 'Tab S9', NULL, 'SERIAL35343840', NULL, '{"Cubo":"0","Cable":"0","Funda":"0","Lapiz":"0","Powerbank":"0","Maletin":"0","Cargador":"0","Mouse":"0","Mousepad":"0"}', NULL, 1, 1, NULL, '2024-01-17', NULL, NULL, '2024-01-17 16:51:53', NULL, NULL),
	(104, 'Telefono', 'Lenovo', 'Tab S9', NULL, 'SERIAL35343840', NULL, '{"Cubo":"0","Cable":"0","Funda":"0","Lapiz":"0","Powerbank":"0","Maletin":"0","Cargador":"0","Mouse":"0","Mousepad":"0"}', NULL, 1, 1, NULL, '2024-01-17', NULL, NULL, '2024-01-17 16:51:53', NULL, NULL),
	(105, 'Telefono', 'Lenovo', 'Tab S9', NULL, 'SERIAL35343840', NULL, '{"Cubo":"0","Cable":"0","Funda":"0","Lapiz":"0","Powerbank":"0","Maletin":"0","Cargador":"0","Mouse":"0","Mousepad":"0"}', NULL, 1, 1, NULL, '2024-01-17', NULL, NULL, '2024-01-17 16:51:53', NULL, NULL),
	(106, 'Telefono', 'Lenovo', 'Tab S9', NULL, 'SERIAL35343840', NULL, '{"Cubo":"0","Cable":"0","Funda":"0","Lapiz":"0","Powerbank":"0","Maletin":"0","Cargador":"0","Mouse":"0","Mousepad":"0"}', NULL, 1, 1, NULL, '2024-01-17', NULL, NULL, '2024-01-17 16:51:54', NULL, NULL),
	(107, 'Telefono', 'Lenovo', 'Tab S9', NULL, 'SERIAL35343840', NULL, '{"Cubo":"0","Cable":"0","Funda":"0","Lapiz":"0","Powerbank":"0","Maletin":"0","Cargador":"0","Mouse":"0","Mousepad":"0"}', NULL, 1, 1, NULL, '2024-01-17', NULL, NULL, '2024-01-17 16:51:59', NULL, NULL),
	(108, 'Telefono', 'Lenovo', 'Tab S9', NULL, 'SERIAL35343840', NULL, '{"Cubo":"0","Cable":"0","Funda":"0","Lapiz":"0","Powerbank":"0","Maletin":"0","Cargador":"0","Mouse":"0","Mousepad":"0"}', NULL, 1, 1, NULL, '2024-01-17', NULL, NULL, '2024-01-17 16:51:59', NULL, NULL),
	(109, 'Telefono', 'Lenovo', 'Tab S9', NULL, 'SERIAL35343840', NULL, '{"Cubo":"0","Cable":"0","Funda":"0","Lapiz":"0","Powerbank":"0","Maletin":"0","Cargador":"0","Mouse":"0","Mousepad":"0"}', NULL, 1, 1, NULL, '2024-01-17', NULL, NULL, '2024-01-17 16:52:01', NULL, NULL),
	(110, 'Telefono', 'Lenovo', 'Tab S9', NULL, 'SERIAL35343840', NULL, '{"Cubo":"0","Cable":"0","Funda":"0","Lapiz":"0","Powerbank":"0","Maletin":"0","Cargador":"0","Mouse":"0","Mousepad":"0"}', NULL, 1, 1, NULL, '2024-01-17', NULL, NULL, '2024-01-17 16:52:02', NULL, NULL),
	(111, 'Telefono', 'Lenovo', 'Tab S9', NULL, 'SERIAL35343840', NULL, '{"Cubo":"0","Cable":"0","Funda":"0","Lapiz":"0","Powerbank":"0","Maletin":"0","Cargador":"0","Mouse":"0","Mousepad":"0"}', NULL, 1, 1, NULL, '2024-01-17', NULL, NULL, '2024-01-17 17:03:54', NULL, NULL),
	(112, 'Telefono', 'Lenovo', 'Tab S9', NULL, 'SERIAL35343840', NULL, '{"Cubo":"0","Cable":"0","Funda":"0","Lapiz":"0","Powerbank":"0","Maletin":"0","Cargador":"0","Mouse":"0","Mousepad":"0"}', NULL, 1, 1, NULL, '2024-01-17', NULL, NULL, '2024-01-17 17:03:55', NULL, NULL);

-- Volcando datos para la tabla prueba.marcadispositivo: ~6 rows (aproximadamente)
INSERT INTO `marcadispositivo` (`idmarca`, `nombremarca`) VALUES
	(1, 'Samsung'),
	(2, 'Honor'),
	(3, 'HP'),
	(4, 'Dell'),
	(5, 'Huawei'),
	(6, 'Lenovo');

-- Volcando datos para la tabla prueba.modelodispositivo: ~6 rows (aproximadamente)
INSERT INTO `modelodispositivo` (`idmodelo`, `nombremodelo`) VALUES
	(1, 'Galaxy A33'),
	(2, 'Galaxy A34'),
	(3, 'Honor X7'),
	(4, 'Tab S8'),
	(5, 'Tab S9'),
	(6, '640 G9');

-- Volcando datos para la tabla prueba.registros: ~55 rows (aproximadamente)
INSERT INTO `registros` (`id`, `fecha_asignacion`, `nombre_asignador`, `usuario_campo_id`, `sede_id`, `dispositivo_id`, `tipo_dispositivo`, `accesorios_entregados`, `accesorios_recuperados`, `fecha_recepcion`, `nombre_receptor`, `comentario`, `fecha_modificacion`) VALUES
	(1, '2024-01-09 07:52:59', 'Diego Dubán Rivera Martinez', 8, 2, 43, 'Laptop', '{"Cubo":"0","Cable":"0","Funda":"0","Lapiz":"0","Powerbank":"0","Maletin":"1","Cargador":"1","Mouse":"1","Mousepad":"1"}', '{"Cubo":"0","Cable":"0","Funda":"0","Lapiz":"0","Powerbank":"0","Maletin":"0","Cargador":"1","Mouse":"0","Mousepad":"0"}', '2024-01-09 08:03:26', 'Obed Alberto Castro Orellana', NULL, '2024-01-12 21:30:27'),
	(3, '2024-01-09 08:04:13', 'Obed Alberto Castro Orellana', 1, 2, 43, 'Laptop', '{"Cubo":"0","Cable":"0","Funda":"0","Lapiz":"0","Powerbank":"0","Maletin":"1","Cargador":"1","Mouse":"1","Mousepad":"1"}', '{"Cubo":"0","Cable":"0","Funda":"0","Lapiz":"0","Powerbank":"0","Maletin":"1","Cargador":"1","Mouse":"1","Mousepad":"1"}', '2024-01-09 08:04:20', 'Obed Alberto Castro Orellana', NULL, '2024-01-09 20:04:20'),
	(4, '2024-01-09 08:06:21', 'Obed Alberto Castro Orellana', 7, 2, 43, 'Laptop', '{"Cubo":"0","Cable":"0","Funda":"0","Lapiz":"0","Powerbank":"0","Maletin":"1","Cargador":"1","Mouse":"1","Mousepad":"0"}', '{"Cubo":"0","Cable":"0","Funda":"0","Lapiz":"0","Powerbank":"0","Maletin":"1","Cargador":"1","Mouse":"1","Mousepad":"0"}', '2024-01-09 08:06:26', 'Obed Alberto Castro Orellana', NULL, '2024-01-09 20:06:26'),
	(5, '2024-01-09 08:54:33', 'Obed Alberto Castro Orellana', 1, 1, 36, 'Telefono', '{"Cubo":"1","Cable":"1","Funda":"1","Lapiz":"1","Powerbank":"1","Maletin":"0","Cargador":"0","Mouse":"0","Mousepad":"0"}', '{"Cubo":"0","Cable":"0","Funda":"0","Lapiz":"0","Powerbank":"0","Maletin":"0","Cargador":"0","Mouse":"0","Mousepad":"0"}', '2024-01-15 16:17:34', 'Obed Alberto Castro Orellana', NULL, '2024-01-15 16:17:34'),
	(6, '2024-01-09 08:54:33', 'Obed Alberto Castro Orellana', 1, 3, 36, 'Telefono', '{"Cubo":"1","Cable":"1","Funda":"1","Lapiz":"1","Powerbank":"1","Maletin":"0","Cargador":"0","Mouse":"0","Mousepad":"0"}', '{"Cubo":"0","Cable":"0","Funda":"0","Lapiz":"0","Powerbank":"0","Maletin":"0","Cargador":"0","Mouse":"0","Mousepad":"0"}', '2024-01-15 16:17:34', 'Obed Alberto Castro Orellana', NULL, '2024-01-15 16:17:34'),
	(7, '2024-01-09 07:57:11', 'Obed Alberto Castro Orellana', 1, 5, 42, 'Laptop', '{"Cubo":"0","Cable":"0","Funda":"0","Lapiz":"0","Powerbank":"0","Maletin":"1","Cargador":"1","Mouse":"1","Mousepad":"1"}', '{"Cubo":"0","Cable":"0","Funda":"0","Lapiz":"0","Powerbank":"0","Maletin":"1","Cargador":"1","Mouse":"1","Mousepad":"1"}', '2024-01-10 16:52:20', 'Obed Alberto Castro Orellana', NULL, '2024-01-10 16:52:20'),
	(8, '2024-01-10 16:49:25', 'Obed Alberto Castro Orellana', 1, 3, 35, 'Tablet', '{"Cubo":"1","Cable":"1","Funda":"1","Lapiz":"1","Powerbank":"1","Maletin":"0","Cargador":"0","Mouse":"0","Mousepad":"0"}', '{"Cubo":"0","Cable":"0","Funda":"0","Lapiz":"0","Powerbank":"0","Maletin":"0","Cargador":"0","Mouse":"0","Mousepad":"0"}', '2024-01-15 16:16:37', 'Obed Alberto Castro Orellana', NULL, '2024-01-15 16:16:37'),
	(9, '2024-01-10 17:01:10', 'Obed Alberto Castro Orellana', 7, 5, 42, 'Laptop', '{"Cubo":"0","Cable":"0","Funda":"0","Lapiz":"0","Powerbank":"0","Maletin":"1","Cargador":"1","Mouse":"1","Mousepad":"1"}', '{"Cubo":"0","Cable":"0","Funda":"0","Lapiz":"0","Powerbank":"0","Maletin":"1","Cargador":"1","Mouse":"1","Mousepad":"1"}', '2024-01-10 17:01:23', 'Obed Alberto Castro Orellana', NULL, '2024-01-10 17:01:23'),
	(10, '2024-01-11 16:35:58', 'Obed Alberto Castro Orellana', 3, 2, 45, 'Laptop', '{"Cubo":"0","Cable":"0","Funda":"0","Lapiz":"0","Powerbank":"0","Maletin":"1","Cargador":"1","Mouse":"1","Mousepad":"1"}', '{"Cubo":"0","Cable":"0","Funda":"0","Lapiz":"0","Powerbank":"0","Maletin":"1","Cargador":"1","Mouse":"0","Mousepad":"1"}', '2024-01-11 16:37:01', 'Obed Alberto Castro Orellana', NULL, '2024-01-11 16:37:01'),
	(11, '2024-01-11 10:18:46', 'Obed Alberto Castro Orellana', 5, 1, 48, 'Telefono', '{"Cubo":"1","Cable":"1","Funda":"1","Lapiz":"1","Powerbank":"1","Maletin":"0","Cargador":"0","Mouse":"0","Mousepad":"0"}', '{"Cubo":"1","Cable":"1","Funda":"0","Lapiz":"0","Powerbank":"0","Maletin":"0","Cargador":"0","Mouse":"0","Mousepad":"0"}', '2024-01-11 10:19:24', 'Obed Alberto Castro Orellana', NULL, '2024-01-11 22:19:24'),
	(12, '2024-01-12 08:53:47', 'Diego Dubán Rivera Martinez', 11, 5, 47, 'Telefono', '{"Cubo":"1","Cable":"1","Funda":"1","Lapiz":"1","Powerbank":"1","Maletin":"0","Cargador":"0","Mouse":"0","Mousepad":"0"}', '{"Cubo":"1","Cable":"0","Funda":"0","Lapiz":"1","Powerbank":"0","Maletin":"0","Cargador":"0","Mouse":"0","Mousepad":"0"}', '2024-01-12 08:55:52', 'Diego Dubán Rivera Martinez', NULL, '2024-01-12 20:55:52'),
	(13, '2024-01-12 08:57:44', 'Diego Dubán Rivera Martinez', 2, 1, 32, 'Tablet', '{"Cubo":"1","Cable":"0","Funda":"0","Lapiz":"0","Powerbank":"1","Maletin":"0","Cargador":"0","Mouse":"0","Mousepad":"0"}', '{"Cubo":"1","Cable":"0","Funda":"0","Lapiz":"0","Powerbank":"1","Maletin":"0","Cargador":"0","Mouse":"0","Mousepad":"0"}', '2024-01-12 08:59:11', 'Diego Dubán Rivera Martinez', NULL, '2024-01-12 20:59:11'),
	(14, '2024-01-12 09:04:34', 'Diego Dubán Rivera Martinez', 10, 1, 51, 'Telefono', '{"Cubo":"1","Cable":"1","Funda":"1","Lapiz":"1","Powerbank":"1","Maletin":"0","Cargador":"0","Mouse":"0","Mousepad":"0"}', '{"Cubo":"1","Cable":"0","Funda":"1","Lapiz":"0","Powerbank":"0","Maletin":"0","Cargador":"0","Mouse":"0","Mousepad":"0"}', '2024-01-12 09:05:06', 'Diego Dubán Rivera Martinez', NULL, '2024-01-12 21:05:06'),
	(15, '2024-01-12 09:06:24', 'Diego Dubán Rivera Martinez', 10, 1, 32, 'Tablet', '{"Cubo":"1","Cable":"1","Funda":"1","Lapiz":"1","Powerbank":"1","Maletin":"0","Cargador":"0","Mouse":"0","Mousepad":"0"}', '{"Cubo":"1","Cable":"1","Funda":"0","Lapiz":"0","Powerbank":"0","Maletin":"0","Cargador":"0","Mouse":"0","Mousepad":"0"}', '2024-01-13 09:11:39', 'Diego Dubán Rivera Martinez', NULL, '2024-01-12 21:12:58'),
	(16, '2024-01-12 10:11:24', 'Diego Dubán Rivera Martinez', 10, 2, 43, 'Laptop', '{"Cubo":"0","Cable":"0","Funda":"0","Lapiz":"0","Powerbank":"0","Maletin":"1","Cargador":"1","Mouse":"1","Mousepad":"1"}', '{"Cubo":"0","Cable":"0","Funda":"0","Lapiz":"0","Powerbank":"0","Maletin":"1","Cargador":"1","Mouse":"1","Mousepad":"0"}', '2024-01-12 10:11:35', 'Diego Dubán Rivera Martinez', NULL, '2024-01-12 22:11:35'),
	(18, '2024-01-15 16:17:48', 'Obed Alberto Castro Orellana', 11, 2, 49, 'Laptop', '{"Cubo":"0","Cable":"0","Funda":"0","Lapiz":"0","Powerbank":"0","Maletin":"1","Cargador":"1","Mouse":"1","Mousepad":"1"}', '{"Cubo":"0","Cable":"0","Funda":"0","Lapiz":"0","Powerbank":"0","Maletin":"0","Cargador":"0","Mouse":"0","Mousepad":"0"}', '2024-01-15 16:29:11', 'Obed Alberto Castro Orellana', NULL, '2024-01-15 16:29:11'),
	(19, '2024-01-15 17:07:17', 'Obed Alberto Castro Orellana', 8, 2, 45, 'Laptop', '{"Cubo":"0","Cable":"0","Funda":"0","Lapiz":"0","Powerbank":"0","Maletin":"1","Cargador":"1","Mouse":"1","Mousepad":"1"}', '{"Cubo":"0","Cable":"0","Funda":"0","Lapiz":"0","Powerbank":"0","Maletin":"1","Cargador":"1","Mouse":"1","Mousepad":"1"}', '2024-01-15 17:07:34', 'Obed Alberto Castro Orellana', NULL, '2024-01-15 17:07:35'),
	(20, '2024-01-15 17:15:15', 'Obed Alberto Castro Orellana', 3, 1, 44, 'Laptop', '{"Cubo":"0","Cable":"0","Funda":"0","Lapiz":"0","Powerbank":"0","Maletin":"1","Cargador":"1","Mouse":"1","Mousepad":"0"}', '{"Cubo":"0","Cable":"0","Funda":"0","Lapiz":"0","Powerbank":"0","Maletin":"1","Cargador":"1","Mouse":"1","Mousepad":"0"}', '2024-01-15 17:15:47', 'Obed Alberto Castro Orellana', NULL, '2024-01-15 17:15:47'),
	(21, '2024-01-15 17:16:48', 'Obed Alberto Castro Orellana', 3, 1, 32, 'Tablet', '{"Cubo":"1","Cable":"1","Funda":"1","Lapiz":"1","Powerbank":"1","Maletin":"0","Cargador":"0","Mouse":"0","Mousepad":"0"}', '{"Cubo":"1","Cable":"1","Funda":"1","Lapiz":"0","Powerbank":"1","Maletin":"0","Cargador":"0","Mouse":"0","Mousepad":"0"}', '2024-01-15 17:17:40', 'Obed Alberto Castro Orellana', 'Pérdida de lápiz óptico en labor de campo y pantalla rota por caída en alcantarilla.', '2024-01-15 17:17:40'),
	(22, '2024-01-15 06:00:00', 'Obed Alberto Castro Orellana', 3, 2, 43, 'Laptop', '{"Cubo":"0","Cable":"0","Funda":"0","Lapiz":"0","Powerbank":"0","Maletin":"1","Cargador":"1","Mouse":"1","Mousepad":"1"}', '{"Cubo":"0","Cable":"0","Funda":"0","Lapiz":"0","Powerbank":"0","Maletin":"1","Cargador":"1","Mouse":"1","Mousepad":"1"}', '2024-01-15 08:30:13', 'Diego Dubán Rivera Martinez', '', '2024-01-15 20:30:13'),
	(23, '2024-01-13 06:00:00', 'Obed Alberto Castro Orellana', 3, 1, 52, 'Telefono', '{"Cubo":"1","Cable":"1","Funda":"1","Lapiz":"1","Powerbank":"1","Maletin":"0","Cargador":"0","Mouse":"0","Mousepad":"0"}', '{"Cubo":"0","Cable":"0","Funda":"0","Lapiz":"0","Powerbank":"0","Maletin":"0","Cargador":"0","Mouse":"0","Mousepad":"0"}', '2024-01-15 08:31:12', 'Diego Dubán Rivera Martinez', '', '2024-01-15 20:31:12'),
	(24, '2024-01-14 13:53:12', 'Obed Alberto Castro Orellana', 11, 1, 50, 'Telefono', '{"Cubo":"1","Cable":"1","Funda":"1","Lapiz":"1","Powerbank":"1","Maletin":"0","Cargador":"0","Mouse":"0","Mousepad":"0"}', '{"Cubo":"0","Cable":"0","Funda":"0","Lapiz":"0","Powerbank":"0","Maletin":"0","Cargador":"0","Mouse":"0","Mousepad":"0"}', '2024-01-15 08:31:26', 'Diego Dubán Rivera Martinez', '', '2024-01-15 20:31:26'),
	(25, '2024-01-12 07:55:03', 'Obed Alberto Castro Orellana', 2, 1, 40, 'Telefono', '{"Cubo":"1","Cable":"1","Funda":"1","Lapiz":"1","Powerbank":"1","Maletin":"0","Cargador":"0","Mouse":"0","Mousepad":"0"}', '{"Cubo":"0","Cable":"0","Funda":"0","Lapiz":"0","Powerbank":"0","Maletin":"0","Cargador":"0","Mouse":"0","Mousepad":"0"}', '2024-01-15 08:32:16', 'Diego Dubán Rivera Martinez', '', '2024-01-15 20:32:16'),
	(26, '2024-01-09 07:57:06', 'Obed Alberto Castro Orellana', 4, 1, 51, 'Telefono', '{"Cubo":"1","Cable":"1","Funda":"1","Lapiz":"1","Powerbank":"1","Maletin":"0","Cargador":"0","Mouse":"0","Mousepad":"0"}', '{"Cubo":"0","Cable":"0","Funda":"0","Lapiz":"0","Powerbank":"0","Maletin":"0","Cargador":"0","Mouse":"0","Mousepad":"0"}', '2024-01-15 08:31:18', 'Diego Dubán Rivera Martinez', '', '2024-01-15 20:31:18'),
	(27, '2024-01-09 08:08:42', 'Obed Alberto Castro Orellana', 3, 5, 42, 'Laptop', '{"Cubo":"0","Cable":"0","Funda":"0","Lapiz":"0","Powerbank":"0","Maletin":"1","Cargador":"1","Mouse":"1","Mousepad":"1"}', '{"Cubo":"0","Cable":"0","Funda":"0","Lapiz":"0","Powerbank":"0","Maletin":"0","Cargador":"0","Mouse":"0","Mousepad":"0"}', '2024-01-15 08:30:18', 'Diego Dubán Rivera Martinez', '', '2024-01-15 20:30:18'),
	(28, '2024-01-08 08:09:33', 'Obed Alberto Castro Orellana', 3, 5, 41, 'Laptop', '{"Cubo":"0","Cable":"0","Funda":"0","Lapiz":"0","Powerbank":"0","Maletin":"1","Cargador":"1","Mouse":"1","Mousepad":"1"}', '{"Cubo":"0","Cable":"0","Funda":"0","Lapiz":"0","Powerbank":"0","Maletin":"0","Cargador":"0","Mouse":"0","Mousepad":"0"}', '2024-01-15 08:30:23', 'Diego Dubán Rivera Martinez', '', '2024-01-15 20:30:23'),
	(29, '2024-01-10 08:14:01', 'Obed Alberto Castro Orellana', 2, 4, 39, 'Laptop', '{"Cubo":"0","Cable":"0","Funda":"0","Lapiz":"0","Powerbank":"0","Maletin":"1","Cargador":"1","Mouse":"1","Mousepad":"1"}', '{"Cubo":"0","Cable":"0","Funda":"0","Lapiz":"0","Powerbank":"0","Maletin":"1","Cargador":"0","Mouse":"0","Mousepad":"0"}', '2024-01-15 08:30:33', 'Diego Dubán Rivera Martinez', '', '2024-01-15 20:30:33'),
	(30, '2024-01-10 08:14:57', 'Obed Alberto Castro Orellana', 8, 1, 37, 'Laptop', '{"Cubo":"0","Cable":"0","Funda":"0","Lapiz":"0","Powerbank":"0","Maletin":"1","Cargador":"1","Mouse":"1","Mousepad":"1"}', NULL, NULL, NULL, NULL, '2024-01-15 20:14:57'),
	(31, '2024-01-10 08:15:03', 'Obed Alberto Castro Orellana', 8, 1, 37, 'Laptop', '{"Cubo":"0","Cable":"0","Funda":"0","Lapiz":"0","Powerbank":"0","Maletin":"1","Cargador":"1","Mouse":"1","Mousepad":"1"}', '{"Cubo":"0","Cable":"0","Funda":"0","Lapiz":"0","Powerbank":"0","Maletin":"0","Cargador":"0","Mouse":"0","Mousepad":"0"}', '2024-01-15 08:30:39', 'Diego Dubán Rivera Martinez', '', '2024-01-15 20:30:39'),
	(32, '2024-01-08 08:15:17', 'Obed Alberto Castro Orellana', 4, 2, 34, 'Laptop', '{"Cubo":"0","Cable":"0","Funda":"0","Lapiz":"0","Powerbank":"0","Maletin":"0","Cargador":"1","Mouse":"0","Mousepad":"0"}', '{"Cubo":"0","Cable":"0","Funda":"0","Lapiz":"0","Powerbank":"0","Maletin":"0","Cargador":"0","Mouse":"0","Mousepad":"0"}', '2024-01-15 08:30:43', 'Diego Dubán Rivera Martinez', '', '2024-01-15 20:30:43'),
	(33, '2024-01-02 08:16:40', 'Obed Alberto Castro Orellana', 3, 3, 35, 'Tablet', '{"Cubo":"1","Cable":"1","Funda":"1","Lapiz":"0","Powerbank":"0","Maletin":"0","Cargador":"0","Mouse":"0","Mousepad":"0"}', '{"Cubo":"0","Cable":"0","Funda":"0","Lapiz":"0","Powerbank":"0","Maletin":"0","Cargador":"0","Mouse":"0","Mousepad":"0"}', '2024-01-15 08:30:48', 'Diego Dubán Rivera Martinez', '', '2024-01-15 20:30:48'),
	(34, '2024-01-02 08:17:57', 'Obed Alberto Castro Orellana', 3, 2, 31, 'Tablet', '{"Cubo":"1","Cable":"1","Funda":"1","Lapiz":"0","Powerbank":"0","Maletin":"0","Cargador":"0","Mouse":"0","Mousepad":"0"}', '{"Cubo":"0","Cable":"0","Funda":"0","Lapiz":"0","Powerbank":"0","Maletin":"0","Cargador":"0","Mouse":"0","Mousepad":"0"}', '2024-01-15 08:31:05', 'Diego Dubán Rivera Martinez', '', '2024-01-15 20:31:05'),
	(35, '2024-01-02 08:22:44', 'Obed Alberto Castro Orellana', 3, 1, 48, 'Telefono', '{"Cubo":"1","Cable":"1","Funda":"0","Lapiz":"0","Powerbank":"0","Maletin":"0","Cargador":"0","Mouse":"0","Mousepad":"0"}', '{"Cubo":"0","Cable":"0","Funda":"0","Lapiz":"0","Powerbank":"0","Maletin":"0","Cargador":"0","Mouse":"0","Mousepad":"0"}', '2024-01-15 08:31:47', 'Diego Dubán Rivera Martinez', '', '2024-01-15 20:31:47'),
	(36, '2024-01-15 08:23:51', 'Obed Alberto Castro Orellana', 3, 5, 47, 'Telefono', '{"Cubo":"1","Cable":"1","Funda":"0","Lapiz":"0","Powerbank":"0","Maletin":"0","Cargador":"0","Mouse":"0","Mousepad":"0"}', '{"Cubo":"0","Cable":"0","Funda":"0","Lapiz":"0","Powerbank":"0","Maletin":"0","Cargador":"0","Mouse":"0","Mousepad":"0"}', '2024-01-15 08:32:10', 'Diego Dubán Rivera Martinez', '', '2024-01-15 20:32:10'),
	(37, '2024-01-02 08:24:51', 'Obed Alberto Castro Orellana', 2, 1, 38, 'Telefono', '{"Cubo":"1","Cable":"1","Funda":"0","Lapiz":"0","Powerbank":"0","Maletin":"0","Cargador":"0","Mouse":"0","Mousepad":"0"}', '{"Cubo":"0","Cable":"0","Funda":"0","Lapiz":"0","Powerbank":"0","Maletin":"0","Cargador":"0","Mouse":"0","Mousepad":"0"}', '2024-01-15 08:32:22', 'Diego Dubán Rivera Martinez', '', '2024-01-15 20:32:22'),
	(38, '2024-01-09 08:29:39', 'Obed Alberto Castro Orellana', 2, 3, 36, 'Telefono', '{"Cubo":"1","Cable":"1","Funda":"1","Lapiz":"0","Powerbank":"0","Maletin":"0","Cargador":"0","Mouse":"0","Mousepad":"0"}', '{"Cubo":"0","Cable":"0","Funda":"0","Lapiz":"0","Powerbank":"0","Maletin":"0","Cargador":"0","Mouse":"0","Mousepad":"0"}', '2024-01-15 08:32:27', 'Diego Dubán Rivera Martinez', '', '2024-01-15 20:32:27'),
	(39, '2024-01-10 08:31:31', 'Obed Alberto Castro Orellana', 3, 2, 43, 'Laptop', '{"Cubo":"0","Cable":"0","Funda":"0","Lapiz":"0","Powerbank":"0","Maletin":"1","Cargador":"1","Mouse":"0","Mousepad":"0"}', '{"Cubo":"0","Cable":"0","Funda":"0","Lapiz":"0","Powerbank":"0","Maletin":"0","Cargador":"0","Mouse":"0","Mousepad":"0"}', '2024-01-15 08:31:54', 'Diego Dubán Rivera Martinez', '', '2024-01-15 20:31:54'),
	(40, '2024-01-09 08:33:34', 'Obed Alberto Castro Orellana', 3, 2, 43, 'Laptop', '{"Cubo":"0","Cable":"0","Funda":"0","Lapiz":"0","Powerbank":"0","Maletin":"1","Cargador":"1","Mouse":"0","Mousepad":"0"}', '{"Cubo":"0","Cable":"0","Funda":"0","Lapiz":"0","Powerbank":"0","Maletin":"1","Cargador":"1","Mouse":"0","Mousepad":"0"}', '2024-01-15 08:45:07', 'Obed Alberto Castro Orellana', 'Este PM solo es fregar. MMM... Esta alma. ', '2024-01-15 20:45:07'),
	(41, '2024-01-10 08:38:27', 'Obed Alberto Castro Orellana', 3, 5, 42, 'Laptop', '{"Cubo":"0","Cable":"0","Funda":"0","Lapiz":"0","Powerbank":"0","Maletin":"1","Cargador":"1","Mouse":"0","Mousepad":"0"}', '{"Cubo":"0","Cable":"0","Funda":"0","Lapiz":"0","Powerbank":"0","Maletin":"1","Cargador":"1","Mouse":"0","Mousepad":"0"}', '2024-01-15 08:51:22', 'Obed Alberto Castro Orellana', '', '2024-01-15 20:51:22'),
	(42, '2024-01-09 08:41:39', 'Obed Alberto Castro Orellana', 3, 5, 41, 'Laptop', '{"Cubo":"0","Cable":"0","Funda":"0","Lapiz":"0","Powerbank":"0","Maletin":"1","Cargador":"1","Mouse":"0","Mousepad":"0"}', '{"Cubo":"0","Cable":"0","Funda":"0","Lapiz":"0","Powerbank":"0","Maletin":"1","Cargador":"1","Mouse":"0","Mousepad":"0"}', '2024-01-15 08:53:27', 'Obed Alberto Castro Orellana', '', '2024-01-15 20:53:27'),
	(43, '2024-01-15 08:42:16', 'Obed Alberto Castro Orellana', 2, 4, 39, 'Laptop', '{"Cubo":"0","Cable":"0","Funda":"0","Lapiz":"0","Powerbank":"0","Maletin":"1","Cargador":"1","Mouse":"1","Mousepad":"0"}', '{"Cubo":"0","Cable":"0","Funda":"0","Lapiz":"0","Powerbank":"0","Maletin":"1","Cargador":"1","Mouse":"0","Mousepad":"0"}', '2024-01-15 08:54:25', 'Obed Alberto Castro Orellana', '', '2024-01-15 20:54:25'),
	(44, '2024-01-15 08:55:41', 'Obed Alberto Castro Orellana', 3, 2, 43, 'Laptop', '{"Cubo":"0","Cable":"0","Funda":"0","Lapiz":"0","Powerbank":"0","Maletin":"1","Cargador":"1","Mouse":"1","Mousepad":"1"}', '{"Cubo":"0","Cable":"0","Funda":"0","Lapiz":"0","Powerbank":"0","Maletin":"1","Cargador":"1","Mouse":"1","Mousepad":"0"}', '2024-01-15 09:30:15', 'Obed Alberto Castro Orellana', '', '2024-01-15 21:30:15'),
	(45, '2024-01-15 08:58:44', 'Obed Alberto Castro Orellana', 4, 5, 42, 'Laptop', '{"Cubo":"0","Cable":"0","Funda":"0","Lapiz":"0","Powerbank":"0","Maletin":"1","Cargador":"1","Mouse":"1","Mousepad":"1"}', '{"Cubo":"0","Cable":"0","Funda":"0","Lapiz":"0","Powerbank":"0","Maletin":"1","Cargador":"1","Mouse":"1","Mousepad":"1"}', '2024-01-15 08:59:39', 'Obed Alberto Castro Orellana', '', '2024-01-15 20:59:39'),
	(46, '2024-01-15 09:34:06', 'Obed Alberto Castro Orellana', 11, 2, 43, 'Laptop', '{"Cubo":"0","Cable":"0","Funda":"0","Lapiz":"0","Powerbank":"0","Maletin":"1","Cargador":"1","Mouse":"1","Mousepad":"0"}', '{"Cubo":"0","Cable":"0","Funda":"0","Lapiz":"0","Powerbank":"0","Maletin":"1","Cargador":"1","Mouse":"1","Mousepad":"0"}', '2024-01-15 09:34:30', 'Obed Alberto Castro Orellana', '', '2024-01-15 21:34:30'),
	(47, '2024-01-14 09:40:54', 'Obed Alberto Castro Orellana', 10, 1, 52, 'Telefono', '{"Cubo":"1","Cable":"1","Funda":"1","Lapiz":"1","Powerbank":"0","Maletin":"0","Cargador":"0","Mouse":"0","Mousepad":"0"}', '{"Cubo":"1","Cable":"1","Funda":"1","Lapiz":"1","Powerbank":"0","Maletin":"0","Cargador":"0","Mouse":"0","Mousepad":"0"}', '2024-01-16 16:12:50', 'Obed Alberto Castro Orellana', '', '2024-01-16 16:12:50'),
	(48, '2024-01-15 09:43:16', 'Obed Alberto Castro Orellana', 12, 5, 47, 'Telefono', '{"Cubo":"1","Cable":"1","Funda":"1","Lapiz":"1","Powerbank":"1","Maletin":"0","Cargador":"0","Mouse":"0","Mousepad":"0"}', NULL, NULL, NULL, NULL, '2024-01-15 21:43:16'),
	(49, '2024-01-15 09:49:13', 'Obed Alberto Castro Orellana', 2, 1, 37, 'Laptop', '{"Cubo":"0","Cable":"0","Funda":"0","Lapiz":"0","Powerbank":"0","Maletin":"1","Cargador":"1","Mouse":"1","Mousepad":"0"}', '{"Cubo":"0","Cable":"0","Funda":"0","Lapiz":"0","Powerbank":"0","Maletin":"1","Cargador":"1","Mouse":"1","Mousepad":"0"}', '2024-01-16 16:11:49', 'Obed Alberto Castro Orellana', '', '2024-01-16 16:11:49'),
	(50, '2024-01-15 15:59:51', 'Obed Alberto Castro Orellana', 2, 2, 43, 'Laptop', '{"Cubo":"0","Cable":"0","Funda":"0","Lapiz":"0","Powerbank":"0","Maletin":"1","Cargador":"1","Mouse":"1","Mousepad":"0"}', '{"Cubo":"0","Cable":"0","Funda":"0","Lapiz":"0","Powerbank":"0","Maletin":"1","Cargador":"1","Mouse":"1","Mousepad":"0"}', '2024-01-16 16:00:46', 'Obed Alberto Castro Orellana', '', '2024-01-16 16:00:46'),
	(51, '2024-01-16 16:02:48', 'Obed Alberto Castro Orellana', 2, 2, 43, 'Laptop', '{"Cubo":"0","Cable":"0","Funda":"0","Lapiz":"0","Powerbank":"0","Maletin":"1","Cargador":"1","Mouse":"1","Mousepad":"1"}', '{"Cubo":"0","Cable":"0","Funda":"0","Lapiz":"0","Powerbank":"0","Maletin":"1","Cargador":"1","Mouse":"1","Mousepad":"1"}', '2024-01-16 16:05:33', 'Obed Alberto Castro Orellana', '', '2024-01-16 16:05:33'),
	(52, '2024-01-16 16:02:48', 'Obed Alberto Castro Orellana', 2, 2, 43, 'Laptop', '{"Cubo":"0","Cable":"0","Funda":"0","Lapiz":"0","Powerbank":"0","Maletin":"1","Cargador":"1","Mouse":"1","Mousepad":"1"}', '{"Cubo":"0","Cable":"0","Funda":"0","Lapiz":"0","Powerbank":"0","Maletin":"1","Cargador":"1","Mouse":"1","Mousepad":"1"}', '2024-01-16 16:05:33', 'Obed Alberto Castro Orellana', '', '2024-01-16 16:05:33'),
	(53, '2024-01-16 16:08:53', 'Obed Alberto Castro Orellana', 2, 2, 43, 'Laptop', '{"Cubo":"0","Cable":"0","Funda":"0","Lapiz":"0","Powerbank":"0","Maletin":"1","Cargador":"1","Mouse":"1","Mousepad":"1"}', '{"Cubo":"0","Cable":"0","Funda":"0","Lapiz":"0","Powerbank":"0","Maletin":"1","Cargador":"1","Mouse":"1","Mousepad":"1"}', '2024-01-16 16:09:24', 'Obed Alberto Castro Orellana', '', '2024-01-16 16:09:24'),
	(54, '2024-01-16 16:10:04', 'Obed Alberto Castro Orellana', 2, 2, 43, 'Laptop', '{"Cubo":"0","Cable":"0","Funda":"0","Lapiz":"0","Powerbank":"0","Maletin":"1","Cargador":"1","Mouse":"0","Mousepad":"0"}', '{"Cubo":"0","Cable":"0","Funda":"0","Lapiz":"0","Powerbank":"0","Maletin":"1","Cargador":"1","Mouse":"0","Mousepad":"0"}', '2024-01-16 16:10:12', 'Obed Alberto Castro Orellana', '', '2024-01-16 16:10:12'),
	(55, '2024-01-16 16:13:16', 'Obed Alberto Castro Orellana', 8, 2, 43, 'Laptop', '{"Cubo":"0","Cable":"0","Funda":"0","Lapiz":"0","Powerbank":"0","Maletin":"1","Cargador":"1","Mouse":"0","Mousepad":"0"}', '{"Cubo":"0","Cable":"0","Funda":"0","Lapiz":"0","Powerbank":"0","Maletin":"1","Cargador":"1","Mouse":"0","Mousepad":"0"}', '2024-01-16 16:13:43', 'Obed Alberto Castro Orellana', '', '2024-01-16 16:13:43'),
	(56, '2024-01-16 16:14:29', 'Obed Alberto Castro Orellana', 10, 1, 37, 'Laptop', '{"Cubo":"0","Cable":"0","Funda":"0","Lapiz":"0","Powerbank":"0","Maletin":"1","Cargador":"1","Mouse":"1","Mousepad":"1"}', '{"Cubo":"0","Cable":"0","Funda":"0","Lapiz":"0","Powerbank":"0","Maletin":"1","Cargador":"1","Mouse":"1","Mousepad":"1"}', '2024-01-16 16:17:16', 'Obed Alberto Castro Orellana', '', '2024-01-16 16:17:16'),
	(57, '2024-01-16 16:15:46', 'Obed Alberto Castro Orellana', 12, 3, 35, 'Tablet', '{"Cubo":"1","Cable":"1","Funda":"1","Lapiz":"1","Powerbank":"1","Maletin":"0","Cargador":"0","Mouse":"0","Mousepad":"0"}', NULL, NULL, NULL, NULL, '2024-01-16 16:15:46'),
	(58, '2024-01-16 16:15:46', 'Obed Alberto Castro Orellana', 1, 3, 35, 'Tablet', '{"Cubo":"1","Cable":"1","Funda":"1","Lapiz":"1","Powerbank":"1","Maletin":"0","Cargador":"0","Mouse":"0","Mousepad":"0"}', NULL, NULL, NULL, NULL, '2024-01-17 20:28:05'),
	(59, '2024-01-17 08:32:25', 'Obed Alberto Castro Orellana', 10, 1, 38, 'Telefono', '{"Cubo":"1","Cable":"1","Funda":"1","Lapiz":"1","Powerbank":"1","Maletin":"0","Cargador":"0","Mouse":"0","Mousepad":"0"}', '{"Cubo":"1","Cable":"1","Funda":"1","Lapiz":"1","Powerbank":"1","Maletin":"0","Cargador":"0","Mouse":"0","Mousepad":"0"}', '2024-01-17 09:48:56', 'Obed Alberto Castro Orellana', '', '2024-01-17 21:48:56'),
	(60, '2024-01-17 08:43:15', 'Diego Dubán Rivera Martinez', 6, 1, 71, 'Laptop', '{"Cubo":"0","Cable":"0","Funda":"0","Lapiz":"0","Powerbank":"0","Maletin":"0","Cargador":"0","Mouse":"0","Mousepad":"0"}', '{"Cubo":"0","Cable":"0","Funda":"0","Lapiz":"0","Powerbank":"0","Maletin":"0","Cargador":"0","Mouse":"0","Mousepad":"0"}', '2024-01-17 08:52:00', 'Obed Alberto Castro Orellana', '', '2024-01-17 20:52:00'),
	(61, '2024-01-17 08:49:17', 'Diego Dubán Rivera Martinez', 10, 1, 67, 'Laptop', '{"Cubo":"0","Cable":"0","Funda":"0","Lapiz":"0","Powerbank":"0","Maletin":"1","Cargador":"1","Mouse":"1","Mousepad":"1"}', '{"Cubo":"0","Cable":"0","Funda":"0","Lapiz":"0","Powerbank":"0","Maletin":"1","Cargador":"1","Mouse":"1","Mousepad":"1"}', '2024-01-17 08:52:13', 'Diego Dubán Rivera Martinez', '', '2024-01-17 20:52:13'),
	(62, '2024-01-17 08:57:17', 'Obed Alberto Castro Orellana', 10, 1, 71, 'Laptop', '{"Cubo":"0","Cable":"0","Funda":"0","Lapiz":"0","Powerbank":"0","Maletin":"1","Cargador":"1","Mouse":"1","Mousepad":"1"}', '{"Cubo":"0","Cable":"0","Funda":"0","Lapiz":"0","Powerbank":"0","Maletin":"1","Cargador":"1","Mouse":"1","Mousepad":"0"}', '2024-01-17 09:11:33', 'Obed Alberto Castro Orellana', '', '2024-01-17 21:11:33'),
	(63, '2024-01-17 09:12:20', 'Obed Alberto Castro Orellana', 10, 1, 71, 'Laptop', '{"Cubo":"0","Cable":"0","Funda":"0","Lapiz":"0","Powerbank":"0","Maletin":"1","Cargador":"1","Mouse":"1","Mousepad":"1"}', '{"Cubo":"0","Cable":"0","Funda":"0","Lapiz":"0","Powerbank":"0","Maletin":"1","Cargador":"1","Mouse":"1","Mousepad":"1"}', '2024-01-17 09:12:33', 'Obed Alberto Castro Orellana', '', '2024-01-17 21:12:33'),
	(64, '2024-01-17 09:12:56', 'Obed Alberto Castro Orellana', 10, 1, 71, 'Laptop', '{"Cubo":"0","Cable":"0","Funda":"0","Lapiz":"0","Powerbank":"0","Maletin":"1","Cargador":"1","Mouse":"1","Mousepad":"1"}', '{"Cubo":"0","Cable":"0","Funda":"0","Lapiz":"0","Powerbank":"0","Maletin":"1","Cargador":"1","Mouse":"1","Mousepad":"1"}', '2024-01-17 09:47:08', 'Obed Alberto Castro Orellana', '', '2024-01-17 21:47:08'),
	(65, '2024-01-17 09:43:19', 'Diego Dubán Rivera Martinez', 10, 1, 56, 'Laptop', '{"Cubo":"0","Cable":"0","Funda":"0","Lapiz":"0","Powerbank":"0","Maletin":"1","Cargador":"1","Mouse":"1","Mousepad":"1"}', NULL, NULL, NULL, NULL, '2024-01-17 21:43:19');

-- Volcando datos para la tabla prueba.sedes: ~4 rows (aproximadamente)
INSERT INTO `sedes` (`idsede`, `nombresede`, `departamentosede`) VALUES
	(1, 'ExBandesal', 'San Miguel'),
	(2, 'ITCA MEGATEC', 'La Unión'),
	(3, 'INJUVE', 'Morazan'),
	(4, 'INJUVE', 'Usulutan'),
	(5, 'INJUVE', 'San Miguel');

-- Volcando datos para la tabla prueba.tipodispositivo: ~2 rows (aproximadamente)
INSERT INTO `tipodispositivo` (`idtipo`, `nombretipo`) VALUES
	(1, 'Laptop'),
	(2, 'Telefono'),
	(3, 'Tablet');

/*!40103 SET TIME_ZONE=IFNULL(@OLD_TIME_ZONE, 'system') */;
/*!40101 SET SQL_MODE=IFNULL(@OLD_SQL_MODE, '') */;
/*!40014 SET FOREIGN_KEY_CHECKS=IFNULL(@OLD_FOREIGN_KEY_CHECKS, 1) */;
/*!40101 SET CHARACTER_SET_CLIENT=@OLD_CHARACTER_SET_CLIENT */;
/*!40111 SET SQL_NOTES=IFNULL(@OLD_SQL_NOTES, 1) */;
